City_ID,City,Country,Date,Humidity,Lat,Lng,Max Temp,Cloudiness,Wind Speed
0,The Valley,AI,2021-09-14 19:59:40,84,18.217,-63.0578,85.82,20,13.8
1,Mataura,NZ,2021-09-14 19:50:48,86,-46.1927,168.8643,32.49,10,1.9
2,Atuona,PF,2021-09-14 19:50:58,72,-9.8,-139.0333,77.85,2,20.76
3,Saldanha,ZA,2021-09-14 19:52:11,67,-33.0117,17.9442,53.65,99,15.93
4,Verkhnevilyuysk,RU,2021-09-14 19:59:41,84,63.4453,120.3167,46.11,100,4.63
5,Upernavik,GL,2021-09-14 19:51:44,69,72.7868,-56.1549,27.27,15,9.19
6,New Norfolk,AU,2021-09-14 19:51:03,73,-42.7826,147.0587,45.9,99,1.86
7,Luderitz,NA,2021-09-14 19:50:56,70,-26.6481,15.1594,54.36,0,21.39
8,Albany,US,2021-09-14 19:46:48,70,42.6001,-73.9662,79.81,89,6.96
9,Rikitea,PF,2021-09-14 19:50:43,77,-23.1203,-134.9692,73.71,100,9.78
10,Luang Prabang,LA,2021-09-14 19:59:42,99,19.8856,102.1347,74.82,98,0.89
11,Punta Arenas,CL,2021-09-14 19:47:42,81,-53.15,-70.9167,41.02,40,32.21
12,Port Elizabeth,ZA,2021-09-14 19:46:14,94,-33.918,25.5701,59.09,90,18.41
13,Jamestown,US,2021-09-14 19:50:44,62,42.097,-79.2353,82.71,100,8.99
14,Hilo,US,2021-09-14 19:50:47,69,19.7297,-155.09,82.26,75,3.44
15,Oistins,BB,2021-09-14 19:59:44,74,13.0667,-59.5333,87.89,40,12.66
16,Itapora,BR,2021-09-14 19:59:44,28,-22.0799,-54.7874,93.34,78,8.48
17,Petropavlovsk-Kamchatskiy,RU,2021-09-14 19:51:34,100,53.0452,158.6483,34.39,0,6.71
18,Bluff,NZ,2021-09-14 19:50:43,81,-46.6,168.3333,32.81,69,11.01
19,East London,ZA,2021-09-14 19:51:04,74,-33.0153,27.9116,64.22,100,16.24
20,Khani,GE,2021-09-14 19:52:16,96,41.9563,42.9566,62.17,96,1.05
21,Yellowknife,CA,2021-09-14 19:51:27,100,62.456,-114.3525,52.32,90,13.8
22,Abomey,BJ,2021-09-14 19:59:45,88,7.1829,1.9912,73.72,97,6.71
23,Vila Velha,BR,2021-09-14 19:53:41,78,-20.3297,-40.2925,78.75,0,20.71
24,Ushuaia,AR,2021-09-14 19:50:48,87,-54.8,-68.3,35.26,90,37.98
25,Kysyl-Syr,RU,2021-09-14 19:59:46,89,63.8986,122.7617,45.16,100,4.12
26,Nouadhibou,MR,2021-09-14 19:59:47,73,20.931,-17.0347,78.78,5,14.97
27,Clyde River,CA,2021-09-14 19:51:06,80,70.4692,-68.5914,32.23,90,9.22
28,Hobart,AU,2021-09-14 19:50:30,89,-42.8794,147.3294,46.26,90,5.75
29,Gornyy,RU,2021-09-14 19:59:47,88,55.1153,83.9059,44.8,100,5.08
30,Katsuura,JP,2021-09-14 19:51:28,91,35.1333,140.3,69.91,100,12.15
31,Cabo San Lucas,MX,2021-09-14 19:48:01,75,22.8909,-109.9124,93.61,14,8.12
32,Ostrovnoy,RU,2021-09-14 19:51:49,76,68.0531,39.5131,40.39,38,13.11
33,Codrington,AU,2021-09-14 19:54:08,71,-38.2667,141.9667,45.46,100,3.78
34,Busselton,AU,2021-09-14 19:50:53,81,-33.65,115.3333,44.04,98,5.84
35,Novaya Bryan,RU,2021-09-14 19:59:49,96,51.7159,108.2691,45.37,98,3.71
36,Teahupoo,PF,2021-09-14 19:59:49,72,-17.8333,-149.2667,75.16,85,21.5
37,Jalu,LY,2021-09-14 19:51:46,47,29.0331,21.5482,79.09,0,16.62
38,Airai,TL,2021-09-14 19:51:58,73,-8.9266,125.4092,59.45,45,2.53
39,Carroll,US,2021-09-14 19:59:50,66,39.5501,-77.0164,88.52,36,1.01
40,Qaanaaq,GL,2021-09-14 19:51:39,88,77.484,-69.3632,24.33,95,3.42
41,Port Keats,AU,2021-09-14 19:54:02,85,-14.25,129.55,76.3,87,1.39
42,Mirnyy,RU,2021-09-14 19:59:51,91,62.5353,113.9611,41.0,100,9.22
43,Chuy,UY,2021-09-14 19:53:49,69,-33.6971,-53.4616,56.48,22,15.75
44,Puerto Ayora,EC,2021-09-14 19:47:27,86,-0.7393,-90.3518,75.16,70,5.99
45,Disna,BY,2021-09-14 19:59:52,82,55.568,28.1971,45.95,100,7.96
46,Weiser,US,2021-09-14 19:59:52,26,44.251,-116.9693,78.03,9,3.51
47,Vaini,TO,2021-09-14 19:50:55,88,-21.2,-175.2,69.96,20,2.3
48,Mount Isa,AU,2021-09-14 19:59:52,25,-20.7333,139.5,60.57,17,2.3
49,Khatanga,RU,2021-09-14 19:50:50,83,71.9667,102.5,41.25,21,11.36
50,Juneau,US,2021-09-14 19:59:53,97,58.3019,-134.4197,48.85,96,1.99
51,Galle,LK,2021-09-14 19:58:59,87,6.0367,80.217,78.96,50,7.49
52,Salalah,OM,2021-09-14 19:51:36,84,17.0151,54.0924,79.84,92,5.14
53,Vysokogornyy,RU,2021-09-14 19:50:42,90,50.1167,139.15,38.1,0,2.24
54,Doume,CM,2021-09-14 19:59:54,97,4.2333,13.45,68.79,100,0.85
55,Mahebourg,MU,2021-09-14 19:51:51,77,-20.4081,57.7,68.29,20,8.05
56,Umba,RU,2021-09-14 19:59:54,75,66.6871,34.3429,41.14,100,13.31
57,Phitsanulok,TH,2021-09-14 19:59:55,98,16.9167,100.5,72.18,100,2.55
58,Lebu,CL,2021-09-14 19:51:35,57,-37.6167,-73.65,51.71,17,9.73
59,Sorland,NO,2021-09-14 19:52:18,67,67.667,12.6934,39.27,59,3.89
60,Odessa,UA,2021-09-14 19:55:54,77,46.4775,30.7326,66.13,0,6.71
61,Dongsheng,CN,2021-09-14 19:51:31,88,39.8161,109.9776,60.1,100,14.88
62,Tiznit,MA,2021-09-14 19:59:56,80,29.5833,-9.5,68.43,2,5.97
63,Buchanan,LR,2021-09-14 19:54:06,86,5.8808,-10.0467,78.01,100,7.63
64,Parit Buntar,MY,2021-09-14 19:59:57,84,5.1267,100.4932,79.95,100,3.31
65,Metro,ID,2021-09-14 19:59:57,89,-5.1131,105.3067,73.45,97,4.43
66,Necaxa,MX,2021-09-14 19:59:58,88,20.2167,-98.0,72.68,99,5.59
67,Los Llanos De Aridane,ES,2021-09-14 19:51:52,84,28.6585,-17.9182,73.15,20,3.44
68,Kruisfontein,ZA,2021-09-14 19:52:10,90,-34.0033,24.7314,56.88,88,13.24
69,Ancud,CL,2021-09-14 19:52:13,85,-41.8697,-73.8203,50.43,100,14.41
70,Bambous Virieux,MU,2021-09-14 19:51:54,77,-20.3428,57.7575,68.25,20,8.05
71,Itupiranga,BR,2021-09-14 19:59:59,41,-5.1347,-49.3267,95.32,68,6.64
72,Kodiak,US,2021-09-14 19:52:42,62,57.79,-152.4072,50.02,100,14.05
73,Ilhabela,BR,2021-09-14 19:59:59,65,-23.7781,-45.3581,79.54,88,4.52
74,Kavieng,PG,2021-09-14 19:51:56,77,-2.5744,150.7967,80.04,88,3.31
75,Murgab,TM,2021-09-14 20:00:00,43,37.4966,61.9714,71.47,0,4.61
76,Pontianak,ID,2021-09-14 20:00:01,100,-0.0333,109.3333,76.98,75,3.44
77,Tiksi,RU,2021-09-14 19:50:49,97,71.6872,128.8694,40.37,100,8.84
78,Barcelos,PT,2021-09-14 20:00:03,88,41.5388,-8.6151,67.28,100,3.0
79,Pocosol,CR,2021-09-14 20:00:04,82,10.3667,-84.6167,85.1,97,1.3
80,Alice Springs,AU,2021-09-14 20:00:05,31,-23.7,133.8833,58.55,40,0.0
81,Saint-Philippe,RE,2021-09-14 19:47:22,76,-21.3585,55.7679,69.35,33,11.34
82,Oranjemund,NA,2021-09-14 19:52:03,77,-28.55,16.4333,55.35,80,12.86
83,Taoudenni,ML,2021-09-14 20:00:06,8,22.6783,-3.9836,105.01,4,6.87
84,Waingapu,ID,2021-09-14 20:00:07,83,-9.6567,120.2641,76.48,15,4.0
85,Katherine,AU,2021-09-14 20:00:09,61,-14.4667,132.2667,82.72,40,4.61
86,Faanui,PF,2021-09-14 19:51:57,75,-16.4833,-151.75,78.46,13,16.84
87,Lompoc,US,2021-09-14 19:51:04,75,34.6391,-120.4579,87.01,1,11.5
88,Bethel,US,2021-09-14 19:52:44,69,41.3712,-73.414,79.48,75,6.91
89,Ashington,GB,2021-09-14 20:00:11,74,50.9331,-0.3909,64.9,80,6.46
90,Cape Town,ZA,2021-09-14 19:48:03,70,-33.9258,18.4232,56.12,40,3.0
91,Tasiilaq,GL,2021-09-14 19:51:38,78,65.6145,-37.6368,33.58,97,2.75
92,Bredasdorp,ZA,2021-09-14 19:50:52,82,-34.5322,20.0403,52.92,100,6.91
93,Tezu,IN,2021-09-14 20:00:12,71,27.9167,96.1667,77.47,1,3.94
94,Bengkulu,ID,2021-09-14 19:51:49,85,-3.8004,102.2655,75.29,99,4.47
95,Mar Del Plata,AR,2021-09-14 19:49:26,58,-38.0023,-57.5575,51.82,0,10.36
96,Ballina,AU,2021-09-14 20:00:13,77,-28.8667,153.5667,48.78,84,13.22
97,Mehamn,NO,2021-09-14 19:52:18,93,71.0357,27.8492,42.98,75,2.3
98,Klaksvik,FO,2021-09-14 19:51:39,83,62.2266,-6.589,52.72,100,4.63
99,Grand Forks,US,2021-09-14 20:00:15,26,47.9417,-97.4337,70.79,6,14.0
100,Chibuto,MZ,2021-09-14 20:00:15,52,-24.6867,33.5306,74.57,0,12.12
101,Namibe,AO,2021-09-14 19:51:33,85,-15.1961,12.1522,61.39,49,5.59
102,Acapulco,MX,2021-09-14 19:57:27,89,16.8634,-99.8901,78.53,100,5.14
103,Darnah,LY,2021-09-14 20:00:17,64,32.767,22.6367,77.59,0,19.71
104,Kapaa,US,2021-09-14 19:50:59,68,22.0752,-159.319,82.38,40,5.01
105,Shasta Lake,US,2021-09-14 19:53:24,14,40.6804,-122.3708,101.93,0,1.99
106,Dingle,PH,2021-09-14 19:52:22,86,10.9995,122.6711,77.14,100,5.26
107,Sur,OM,2021-09-14 19:50:47,54,22.5667,59.5289,85.55,100,8.9
108,Swellendam,ZA,2021-09-14 20:00:18,92,-34.0226,20.4417,51.26,100,2.75
109,Tuktoyaktuk,CA,2021-09-14 19:51:43,76,69.4541,-133.0374,46.4,75,12.66
110,Cidreira,BR,2021-09-14 19:52:36,87,-30.1811,-50.2056,66.25,100,8.86
111,Vanimo,PG,2021-09-14 19:52:01,87,-2.6741,141.3028,76.21,87,1.7
112,Tura,IN,2021-09-14 20:00:19,97,25.5198,90.2201,73.15,100,2.82
113,Georgetown,MY,2021-09-14 19:46:38,87,5.4112,100.3354,79.9,20,2.3
114,Butaritari,KI,2021-09-14 19:51:00,75,3.0707,172.7902,82.63,99,14.67
115,Port Alfred,ZA,2021-09-14 19:50:57,80,-33.5906,26.891,60.96,14,15.97
116,Inhambane,MZ,2021-09-14 20:00:21,88,-23.865,35.3833,73.76,1,14.27
117,Torbay,CA,2021-09-14 19:51:20,62,47.6666,-52.7314,68.77,20,13.8
118,Vestmanna,FO,2021-09-14 19:53:18,100,62.1564,-7.1664,50.92,90,1.14
119,Salvador,SV,2021-09-14 20:00:19,68,13.8333,-88.9167,79.2,69,4.65
120,Mnogovershinnyy,RU,2021-09-14 20:00:22,71,53.9353,139.9242,42.76,45,4.54
121,Yumen,CN,2021-09-14 19:50:48,41,40.2833,97.2,63.73,75,3.06
122,Kloulklubed,PW,2021-09-14 20:00:23,80,7.0419,134.2556,81.01,100,7.34
123,Urumqi,CN,2021-09-14 19:56:05,42,43.801,87.6005,63.55,0,4.47
124,Manokwari,ID,2021-09-14 19:52:43,76,-0.8667,134.0833,78.1,90,4.9
125,Ribeira Grande,PT,2021-09-14 19:51:33,68,38.5167,-28.7,72.0,20,8.05
126,Marshall,US,2021-09-14 20:00:24,72,34.3834,-86.3333,87.01,1,8.05
127,Kaitangata,NZ,2021-09-14 19:52:35,83,-46.2817,169.8464,35.29,15,6.11
128,Mecca,SA,2021-09-14 20:00:04,33,21.4267,39.8261,88.16,7,4.54
129,Lagoa,PT,2021-09-14 19:51:26,74,39.05,-27.9833,68.31,29,6.08
130,Jati,PK,2021-09-14 20:00:26,71,24.3539,68.2671,85.71,29,10.83
131,Thompson,CA,2021-09-14 19:51:10,71,55.7435,-97.8558,51.96,90,17.27
132,Dikson,RU,2021-09-14 19:51:20,89,73.5069,80.5464,40.77,70,13.35
133,Zhigansk,RU,2021-09-14 19:51:11,99,66.7697,123.3711,45.73,89,9.31
134,Edd,ER,2021-09-14 20:00:27,70,13.9297,41.6925,89.67,10,8.43
135,Severo-Kurilsk,RU,2021-09-14 19:51:00,87,50.6789,156.125,50.14,100,8.63
136,Lavrentiya,RU,2021-09-14 19:52:30,82,65.5833,-171.0,40.48,100,9.78
137,Boa Vista,BR,2021-09-14 20:00:28,49,2.8197,-60.6733,91.38,75,9.22
138,Longyearbyen,SJ,2021-09-14 19:51:23,87,78.2186,15.6401,35.44,75,2.3
139,Hermanus,ZA,2021-09-14 19:51:15,73,-34.4187,19.2345,55.9,100,6.49
140,Chokurdakh,RU,2021-09-14 19:51:02,85,70.6333,147.9167,34.84,100,9.78
141,Alofi,NU,2021-09-14 19:51:25,88,-19.0595,-169.9187,76.89,40,8.05
142,Kanash,RU,2021-09-14 20:00:29,53,55.5086,47.4956,44.19,100,3.78
143,Hailar,CN,2021-09-14 20:00:30,80,49.2,119.7,51.6,100,7.02
144,Durusu,TR,2021-09-14 20:00:31,84,41.3053,28.6767,71.83,13,10.0
145,Kavaratti,IN,2021-09-14 19:53:03,79,10.5669,72.642,81.72,100,19.66
146,Gushikawa,JP,2021-09-14 20:00:32,89,26.3544,127.8686,81.63,75,11.5
147,Lasa,IT,2021-09-14 19:53:47,90,46.6166,10.7002,68.88,100,2.95
148,Carutapera,BR,2021-09-14 20:00:33,68,-1.195,-46.02,82.22,4,8.66
149,Samarai,PG,2021-09-14 20:00:34,83,-10.6167,150.6667,79.05,100,10.89
150,Flinders,AU,2021-09-14 20:00:34,74,-34.5833,150.8552,51.19,65,5.01
151,Pacific Grove,US,2021-09-14 19:51:17,82,36.6177,-121.9166,83.43,1,4.0
152,Lata,PT,2021-09-14 19:50:58,95,40.1629,-8.3327,67.08,100,0.72
153,Dombarovskiy,RU,2021-09-14 20:00:36,34,50.7587,59.5386,64.42,94,9.55
154,Katiola,CI,2021-09-14 20:00:36,95,8.1333,-5.1,72.55,100,4.61
155,Straumen,NO,2021-09-14 20:00:37,82,63.8709,11.2999,48.15,71,2.48
156,Sabang,ID,2021-09-14 19:53:04,72,5.8933,95.3214,82.15,100,8.05
157,Okha,RU,2021-09-14 20:00:38,78,53.5739,142.9478,46.24,0,6.31
158,Egvekinot,RU,2021-09-14 19:50:54,70,66.3167,-179.1667,32.22,72,4.56
159,Nemuro,JP,2021-09-14 20:00:39,69,43.3236,145.575,53.38,91,2.59
160,Juba,SS,2021-09-14 20:00:40,77,4.8517,31.5825,73.33,9,0.56
161,Boyolangu,ID,2021-09-14 19:50:50,92,-8.1181,111.8935,73.92,100,0.92
162,Nanortalik,GL,2021-09-14 19:50:55,73,60.1432,-45.2371,40.57,26,10.33
163,Caravelas,BR,2021-09-14 19:50:52,76,-17.7125,-39.2481,76.69,6,10.11
164,Avarua,CK,2021-09-14 19:50:46,73,-21.2078,-159.775,78.85,75,13.8
165,Eureka,US,2021-09-14 20:00:41,71,40.8021,-124.1637,73.18,1,4.0
166,Olafsvik,IS,2021-09-14 20:00:42,79,64.8945,-23.7142,49.28,98,25.93
167,Kapuskasing,CA,2021-09-14 20:00:42,100,49.4169,-82.4331,50.09,90,11.5
168,Dukat,RU,2021-09-14 19:51:55,84,62.55,155.55,37.54,14,0.67
169,Kalmunai,LK,2021-09-14 19:52:07,78,7.4167,81.8167,81.57,100,4.43
170,Aykhal,RU,2021-09-14 20:00:43,85,66.0,111.5,39.96,100,6.22
171,Saskylakh,RU,2021-09-14 19:52:12,87,71.9167,114.0833,42.19,100,8.12
172,Ellisras,ZA,2021-09-14 20:00:44,24,-23.6649,27.7443,70.5,0,3.89
173,Pisco,PE,2021-09-14 19:52:20,77,-13.7,-76.2167,65.01,11,11.5
174,Amarkantak,IN,2021-09-14 20:00:45,99,22.6667,81.75,67.3,100,7.56
175,Pangnirtung,CA,2021-09-14 19:51:30,64,66.1451,-65.7125,35.6,20,18.41
176,Tuatapere,NZ,2021-09-14 19:51:37,79,-46.1333,167.6833,32.83,6,4.7
177,Hovd,MN,2021-09-14 20:00:46,40,48.0056,91.6419,51.53,12,6.58
178,Khomutovo,RU,2021-09-14 20:00:47,92,52.4658,104.4025,34.41,0,2.37
179,Cabedelo,BR,2021-09-14 20:00:47,78,-6.9811,-34.8339,78.67,5,16.96
180,Makakilo City,US,2021-09-14 19:52:34,60,21.3469,-158.0858,82.72,1,8.05
181,Chase,CA,2021-09-14 20:00:48,45,50.8165,-119.6857,62.2,100,3.69
182,Ukiah,US,2021-09-14 19:52:02,20,39.1502,-123.2078,101.12,1,0.0
183,Saint-Augustin,CA,2021-09-14 20:00:49,64,51.226,-58.6502,46.42,87,21.45
184,Mitsamiouli,KM,2021-09-14 20:00:50,76,-11.3847,43.2844,77.49,30,4.09
185,Narsaq,GL,2021-09-14 19:51:57,61,60.9167,-46.05,41.63,27,4.59
186,Larreynaga,NI,2021-09-14 20:00:51,66,12.6769,-86.5719,86.61,65,4.07
187,Gallup,US,2021-09-14 19:56:52,22,35.5281,-108.7426,79.02,8,5.01
188,Batemans Bay,AU,2021-09-14 20:00:51,68,-35.7167,150.1833,44.91,98,5.93
189,Sao Filipe,CV,2021-09-14 19:52:00,80,14.8961,-24.4956,79.97,100,1.05
190,Bitung,ID,2021-09-14 20:00:52,82,1.4451,125.1824,76.05,99,1.52
191,La Ronge,CA,2021-09-14 20:00:53,42,55.1001,-105.2842,62.73,9,4.27
192,San Cristobal,VE,2021-09-14 19:58:42,41,7.7669,-72.225,84.38,6,7.85
193,Helena,US,2021-09-14 20:00:54,25,46.5927,-112.0361,76.24,1,10.0
194,Nelson Bay,AU,2021-09-14 20:00:54,93,-32.7167,152.15,53.11,100,1.99
195,Cohoes,US,2021-09-14 20:00:55,68,42.7742,-73.7001,78.67,66,3.0
196,Buala,SB,2021-09-14 20:00:56,79,-8.145,159.5921,79.92,100,7.47
197,Quatre Cocos,MU,2021-09-14 20:00:56,76,-20.2078,57.7625,68.09,40,12.71
198,Palana,RU,2021-09-14 20:00:57,67,59.1167,159.9667,40.26,6,3.78
199,Ilulissat,GL,2021-09-14 19:51:17,83,69.2167,-51.1,28.36,60,3.6
200,Sitka,US,2021-09-14 20:00:58,71,57.0531,-135.33,53.78,46,6.13
201,Gusau,NG,2021-09-14 20:01:01,75,12.1628,6.6614,76.75,87,7.31
202,Riyadh,SA,2021-09-14 19:48:46,17,24.6877,46.7219,87.94,8,12.46
203,Mocorito,MX,2021-09-14 20:01:02,45,25.4833,-107.9167,92.21,27,5.79
204,Palakollu,IN,2021-09-14 20:01:02,88,16.5333,81.7333,79.03,100,4.59
205,Hasaki,JP,2021-09-14 19:52:08,91,35.7333,140.8333,66.6,100,6.67
206,Touros,BR,2021-09-14 19:59:22,78,-5.1989,-35.4608,83.3,13,15.43
207,Puerto Del Rosario,ES,2021-09-14 20:01:04,61,28.5004,-13.8627,78.55,20,6.91
208,Berdigestyakh,RU,2021-09-14 20:01:04,90,62.0989,126.6992,42.71,100,4.12
209,Padang,ID,2021-09-14 20:01:05,83,-0.9492,100.3543,77.7,84,3.44
210,Leland,US,2021-09-14 20:01:05,74,34.2563,-78.0447,88.2,0,9.26
211,Cururupu,BR,2021-09-14 20:01:06,69,-1.8283,-44.8683,82.44,47,5.41
212,Fort Nelson,CA,2021-09-14 19:53:58,71,58.8053,-122.7002,51.39,90,6.91
213,Banff,CA,2021-09-14 20:01:06,33,51.1762,-115.5698,63.57,67,6.8
214,Hithadhoo,MV,2021-09-14 19:51:10,71,-0.6,73.0833,83.7,4,9.33
215,Tarakan,ID,2021-09-14 20:01:07,81,3.3,117.6333,79.47,100,6.15
216,Tautira,PF,2021-09-14 19:51:08,71,-17.7333,-149.15,80.62,93,20.49
217,Barrow,US,2021-09-14 19:51:27,93,71.2906,-156.7887,35.62,90,11.5
218,Lagunas,PE,2021-09-14 20:01:08,30,-5.2269,-75.6753,97.72,43,3.67
219,Bijar,IR,2021-09-14 20:01:08,9,35.8668,47.6051,66.27,0,4.79
220,Beyneu,KZ,2021-09-14 19:51:41,23,45.3167,55.2,75.09,87,17.31
221,Siilinjarvi,FI,2021-09-14 20:01:09,93,63.0833,27.6667,41.02,90,6.91
222,Te Anau,NZ,2021-09-14 19:53:40,93,-45.4167,167.7167,30.61,53,0.81
223,Walvis Bay,NA,2021-09-14 19:51:14,62,-22.9575,14.5053,56.35,0,9.22
224,Lewistown,US,2021-09-14 20:01:10,57,40.5992,-77.5714,86.77,1,5.75
225,Mandalgovi,MN,2021-09-14 20:01:10,93,45.7625,106.2708,50.05,100,9.37
226,Rawson,AR,2021-09-14 20:01:10,30,-43.3002,-65.1023,60.44,23,21.45
227,Arraial Do Cabo,BR,2021-09-14 20:01:11,81,-22.9661,-42.0278,74.75,42,23.22
228,Columbus,US,2021-09-14 19:58:37,52,39.9612,-82.9988,90.32,40,1.99
229,Myre,NO,2021-09-14 20:01:12,74,69.1036,15.9492,46.35,30,2.44
230,Flin Flon,CA,2021-09-14 19:57:29,55,54.7682,-101.865,60.64,75,13.8
231,Jardim,BR,2021-09-14 20:01:12,28,-21.4803,-56.1381,95.11,80,8.01
232,Saint-Pierre,RE,2021-09-14 19:53:22,70,-21.3393,55.4781,69.44,20,4.61
233,Morehead,US,2021-09-14 20:01:13,55,37.2711,-87.1764,91.31,75,1.01
234,Ubatuba,BR,2021-09-14 20:01:13,55,-23.4339,-45.0711,82.17,90,1.97
235,Camden,US,2021-09-14 20:01:14,70,39.7835,-74.9663,89.4,100,3.0
236,Chegdomyn,RU,2021-09-14 20:01:14,96,51.1167,133.0167,43.99,48,1.14
237,Tyukhtet,RU,2021-09-14 20:01:15,97,56.5389,89.3011,34.63,10,5.7
238,Castro,BR,2021-09-14 19:51:23,85,-24.7911,-50.0119,67.35,100,6.17
239,Khanpur,PK,2021-09-14 20:01:15,44,28.6453,70.6567,91.53,0,6.26
240,Broken Hill,AU,2021-09-14 19:51:34,49,-31.95,141.4333,47.91,9,8.05
241,Amahai,ID,2021-09-14 19:51:43,86,-3.3333,128.9167,76.89,100,1.66
242,Bol,TD,2021-09-14 20:01:16,69,13.4586,14.7147,83.21,58,7.81
243,Norman Wells,CA,2021-09-14 19:53:23,81,65.282,-126.8329,48.24,75,2.3
244,Amarante Do Maranhao,BR,2021-09-14 20:01:17,25,-5.5667,-46.7422,97.03,34,6.76
245,Guerrero Negro,MX,2021-09-14 20:01:17,49,27.9769,-114.0611,81.09,0,14.9
246,Devonport,AU,2021-09-14 20:01:18,82,-41.1667,146.35,43.79,54,3.42
247,Bathsheba,BB,2021-09-14 19:52:33,74,13.2167,-59.5167,88.41,40,12.66
248,Shimoda,JP,2021-09-14 20:01:19,92,34.6667,138.95,71.28,100,17.11
249,Carnarvon,AU,2021-09-14 20:01:19,70,-24.8667,113.6333,63.73,0,14.72
250,Oxford,GB,2021-09-14 20:01:20,93,51.7522,-1.256,64.47,75,8.05
251,Lucapa,AO,2021-09-14 20:01:20,52,-8.4192,20.7447,75.9,57,2.73
252,Dicamay,PH,2021-09-14 20:01:20,96,16.7561,122.0037,72.63,5,2.48
253,Nedumangad,IN,2021-09-14 20:01:21,89,8.6,77.0,79.88,40,4.61
254,Shingu,JP,2021-09-14 20:01:21,96,33.7333,135.9833,71.91,100,5.55
255,Kulu,TR,2021-09-14 20:01:22,71,39.0951,33.0799,63.0,93,14.47
256,Carndonagh,IE,2021-09-14 20:01:22,95,55.25,-7.2667,62.22,8,1.57
257,Kahului,US,2021-09-14 19:57:44,88,20.8947,-156.47,79.54,9,9.06
258,Ulladulla,AU,2021-09-14 20:01:23,71,-35.35,150.4667,49.08,99,9.89
259,Bongandanga,CD,2021-09-14 20:01:23,68,1.5,21.05,77.43,93,2.86
260,Pleshanovo,RU,2021-09-14 20:01:24,33,52.8333,53.4833,59.79,63,10.16
261,Tuy Hoa,VN,2021-09-14 20:01:24,91,13.0833,109.3,77.94,100,6.67
262,Havre-Saint-Pierre,CA,2021-09-14 20:01:25,46,50.2334,-63.5986,53.92,46,7.36
263,Vardo,NO,2021-09-14 19:53:36,81,70.3705,31.1107,40.98,75,6.91
264,Dudinka,RU,2021-09-14 20:01:25,92,69.4058,86.1778,40.96,100,6.08
265,Fougamou,GA,2021-09-14 20:01:25,94,-1.2154,10.5838,75.36,95,2.68
266,Kungurtug,RU,2021-09-14 20:01:26,70,50.5994,97.5228,38.41,26,1.32
267,Xining,CN,2021-09-14 19:53:20,96,36.6167,101.7667,52.9,100,2.59
268,Anadyr,RU,2021-09-14 20:01:10,67,64.75,177.4833,36.5,99,9.22
269,Evensk,RU,2021-09-14 20:01:27,67,61.95,159.2333,43.65,25,6.31
270,Rio Grande,BR,2021-09-14 19:58:04,80,-32.035,-52.0986,66.31,100,15.1
271,Bukachacha,RU,2021-09-14 20:01:27,96,52.9833,116.9167,49.3,100,2.64
272,Ban Tak,TH,2021-09-14 20:01:28,95,17.0432,99.0813,75.36,100,3.02
273,Banda Aceh,ID,2021-09-14 20:01:28,73,5.5577,95.3222,79.7,100,5.06
274,Champoton,MX,2021-09-14 20:01:29,51,19.35,-90.7167,90.77,100,8.66
275,Lana,IT,2021-09-14 20:01:29,73,46.6124,11.1559,70.07,100,2.26
276,Naze,JP,2021-09-14 20:01:29,84,28.3667,129.4833,79.16,100,15.99
277,Basco,PH,2021-09-14 20:01:30,78,20.4487,121.9702,83.41,100,8.08
278,Xiaoweizhai,CN,2021-09-14 20:01:30,98,26.1903,107.5125,69.22,10,1.52
279,Morro Bay,US,2021-09-14 19:56:36,62,35.3658,-120.8499,95.38,25,7.0
280,Stornoway,GB,2021-09-14 19:52:21,100,58.2093,-6.3865,58.93,75,4.61
281,Methven,NZ,2021-09-14 20:01:31,74,-43.6333,171.65,29.91,6,3.18
282,Komsomolskiy,UZ,2021-09-14 19:53:51,37,40.4272,71.7189,67.42,0,9.22
283,Caceres,ES,2021-09-14 20:01:32,80,39.522,-6.3748,61.81,100,5.82
284,Port Lincoln,AU,2021-09-14 19:52:13,74,-34.7333,135.8667,51.94,7,9.51
285,Vila Franca Do Campo,PT,2021-09-14 19:52:04,76,37.7167,-25.4333,72.01,20,5.17
286,San Quintin,MX,2021-09-14 20:01:32,61,30.4833,-115.95,76.57,0,12.73
287,Agadir,MA,2021-09-14 19:53:02,77,30.4202,-9.5982,73.85,2,6.64
288,Ngunguru,NZ,2021-09-14 20:01:33,91,-35.6167,174.5,61.16,100,6.67
289,Zyryanka,RU,2021-09-14 20:01:33,66,65.75,150.85,45.64,100,7.09
290,Imbituba,BR,2021-09-14 19:54:10,94,-28.24,-48.6703,71.49,100,11.05
291,Maneadero,MX,2021-09-14 20:01:34,77,31.7167,-116.5667,81.19,8,5.01
292,Geraldton,AU,2021-09-14 19:52:25,93,-28.7667,114.6,48.61,75,8.05
293,Tukrah,LY,2021-09-14 20:01:34,63,32.5341,20.5791,78.08,0,11.16
294,Jiaozuo,CN,2021-09-14 20:00:19,83,35.2397,113.2331,71.47,0,3.83
295,Nikolskoye,RU,2021-09-14 20:01:35,71,59.7035,30.7861,49.89,100,9.42
296,Antalaha,MG,2021-09-14 20:01:36,91,-14.9003,50.2788,69.1,89,7.09
297,Tonantins,BR,2021-09-14 20:01:36,63,-2.8731,-67.8022,87.15,96,2.33
298,Tokur,RU,2021-09-14 20:01:36,99,53.1333,132.9,40.98,44,3.09
299,Yinchuan,CN,2021-09-14 20:01:37,74,38.4681,106.2731,64.96,100,6.22
300,Mananjary,MG,2021-09-14 20:01:37,91,-21.2167,48.3333,68.29,10,7.72
301,Bahia Honda,CU,2021-09-14 20:01:38,61,22.9036,-83.1592,87.66,98,6.58
302,Banjarmasin,ID,2021-09-14 20:01:38,94,-3.3244,114.591,75.34,96,2.71
303,Grand-Santi,GF,2021-09-14 20:01:38,43,4.25,-54.3833,91.98,75,2.64
304,Basoko,CD,2021-09-14 19:52:01,82,1.2391,23.616,74.71,50,0.96
305,Iqaluit,CA,2021-09-14 19:51:40,60,63.7506,-68.5145,38.93,40,12.66
306,Santa Maria,BR,2021-09-14 20:01:39,90,-29.6842,-53.8069,61.02,100,12.75
307,Taksimo,RU,2021-09-14 20:01:39,95,56.3444,114.8794,51.71,100,5.12
308,Carauari,BR,2021-09-14 19:53:23,62,-4.8828,-66.8958,85.77,95,0.78
309,Santa Rosa,PH,2021-09-14 20:01:40,88,14.3122,121.1114,80.1,97,3.33
310,San Buenaventura,MX,2021-09-14 20:01:40,35,27.0833,-101.5333,93.13,90,5.95
311,Kemin,KG,2021-09-14 20:01:41,32,42.7846,75.6892,60.87,0,4.5
312,Saint George,US,2021-09-14 20:00:12,13,37.1041,-113.5841,99.43,0,1.99
313,Kamakwie,SL,2021-09-14 20:01:41,96,9.5,-12.2333,74.82,100,4.36
314,Grindavik,IS,2021-09-14 19:52:51,76,63.8424,-22.4338,48.67,75,19.57
315,San Patricio,US,2021-09-14 20:01:42,48,28.017,-97.5169,93.61,89,9.1
316,Shitanjing,CN,2021-09-14 20:01:42,79,39.2342,106.3439,62.49,100,2.19
317,Shihezi,CN,2021-09-14 20:01:43,31,44.3,86.0333,65.59,0,4.79
318,Marawi,PH,2021-09-14 20:01:43,92,7.9986,124.2928,65.64,100,1.36
319,Ponta Delgada,PT,2021-09-14 19:58:54,73,37.7333,-25.6667,72.32,20,10.36
320,Sisimiut,GL,2021-09-14 20:01:44,69,66.9395,-53.6735,37.53,74,10.67
321,Urusha,RU,2021-09-14 20:01:44,98,54.05,122.9,44.6,100,2.44
322,Bowen,AU,2021-09-14 20:01:45,58,-20.0167,148.2333,65.16,12,14.25
323,Berlevag,NO,2021-09-14 19:52:44,78,70.8578,29.0864,37.4,100,8.08
324,Pleasanton,US,2021-09-14 20:00:23,32,37.6624,-121.8747,95.76,0,1.01
325,Cicero Dantas,BR,2021-09-14 20:01:46,41,-10.6,-38.3833,83.23,68,15.12
326,Teya,RU,2021-09-14 19:52:08,98,60.3778,92.6267,38.23,100,3.13
327,Marzuq,YE,2021-09-14 20:01:46,36,14.4,46.4667,86.95,93,1.03
328,Trier,DE,2021-09-14 20:01:47,90,49.7557,6.6394,68.32,100,2.93
329,Plettenberg Bay,ZA,2021-09-14 20:01:47,86,-34.0527,23.3716,56.55,93,9.69
330,Sambava,MG,2021-09-14 19:53:41,83,-14.2667,50.1667,72.03,84,10.87
331,Kununurra,AU,2021-09-14 19:57:31,73,-15.7667,128.7333,73.38,40,1.14
332,Juxtlahuaca,MX,2021-09-14 20:01:48,83,17.4294,-99.1467,76.93,95,6.2
333,Bubaque,GW,2021-09-14 20:01:48,76,11.2833,-15.8333,81.3,38,6.15
334,Balaguer,ES,2021-09-14 20:01:48,70,41.7912,0.8109,76.26,100,5.73
335,Makat,KZ,2021-09-14 20:01:49,45,47.6469,53.3463,67.55,3,8.28
336,Santa Fe,AR,2021-09-14 19:59:14,20,-31.6333,-60.7,71.02,0,8.99
337,Lensk,RU,2021-09-14 20:01:49,84,60.7253,114.9278,43.16,100,11.92
338,Pitimbu,BR,2021-09-14 20:01:50,78,-7.4706,-34.8086,78.42,2,14.99
339,La Rosa,HN,2021-09-14 20:01:50,79,15.35,-87.0667,74.12,95,3.98
340,Verkhoyansk,RU,2021-09-14 20:01:51,86,67.5447,133.385,49.69,100,0.69
341,Kemijarvi,FI,2021-09-14 20:01:51,96,66.7131,27.4306,36.48,98,8.59
342,Sao Joao Da Barra,BR,2021-09-14 20:01:52,81,-21.6403,-41.0511,76.05,0,19.28
343,Cody,US,2021-09-14 19:58:06,39,44.5263,-109.0565,72.91,0,7.0
344,Mogadishu,SO,2021-09-14 19:57:10,86,2.0371,45.3438,77.54,51,16.96
345,Necochea,AR,2021-09-14 20:01:52,61,-38.5473,-58.7368,54.03,13,11.01
346,Umirim,BR,2021-09-14 20:01:53,44,-3.6772,-39.3503,80.67,8,11.74
347,Kenai,US,2021-09-14 20:01:53,83,60.5544,-151.2583,51.03,10,11.5
348,Bouna,CI,2021-09-14 19:52:19,94,9.2667,-3.0,73.67,100,2.8
349,Kushmurun,KZ,2021-09-14 20:01:54,31,52.4503,64.6311,59.5,95,10.54
350,Adelaide,AU,2021-09-14 20:00:29,73,-34.9333,138.6,49.41,0,0.0
351,Doha,QA,2021-09-14 19:59:19,49,25.2867,51.5333,91.38,0,10.36
352,Gazli,UZ,2021-09-14 20:01:55,14,40.1333,63.45,75.76,23,8.7
353,Bougouni,ML,2021-09-14 20:01:55,86,11.417,-7.479,77.0,100,4.45
354,Kiama,AU,2021-09-14 20:01:55,74,-34.6833,150.8667,51.39,82,14.07
355,Jining,CN,2021-09-14 20:00:15,77,35.405,116.5814,66.36,7,4.16
356,Maniitsoq,GL,2021-09-14 20:01:56,60,65.4167,-52.9,38.59,0,13.6
357,Isangel,VU,2021-09-14 20:01:56,78,-19.55,169.2667,74.52,3,6.49
358,Ketchikan,US,2021-09-14 20:01:57,68,55.3422,-131.6461,55.18,100,2.77
359,Cambridge,CA,2021-09-14 20:01:57,74,43.3601,-80.3127,83.14,100,1.99
360,Qui Nhon,VN,2021-09-14 20:01:57,88,13.7667,109.2333,80.31,100,11.41
361,San Policarpo,PH,2021-09-14 20:01:58,82,12.1791,125.5072,79.7,55,1.9
362,San Carlos De Bariloche,AR,2021-09-14 20:01:58,78,-41.1456,-71.3082,39.56,100,9.98
363,Taft,IR,2021-09-14 20:01:59,10,31.7471,54.2088,72.82,0,2.08
364,Voka,EE,2021-09-14 20:01:59,65,59.3997,27.5817,50.27,100,18.81
365,Krasnokamensk,RU,2021-09-14 20:01:59,80,50.0979,118.0369,51.37,100,3.94
366,Nioro,GM,2021-09-14 20:02:00,92,13.35,-15.75,78.57,97,6.67
367,Bardsir,IR,2021-09-14 20:02:00,12,29.9227,56.5743,67.84,0,2.53
368,Hobyo,SO,2021-09-14 20:02:01,85,5.3505,48.5268,78.12,100,29.15
369,Provideniya,RU,2021-09-14 20:02:01,70,64.3833,-173.3,41.11,0,6.71
370,Kargasok,RU,2021-09-14 19:53:49,90,59.0556,80.8572,34.52,44,6.06
371,Sola,VU,2021-09-14 19:53:00,74,-13.8833,167.55,79.65,7,18.92
372,Hofn,IS,2021-09-14 19:52:14,83,64.2539,-15.2082,50.76,98,16.46
373,Sovetskoye,RU,2021-09-14 20:02:02,38,52.2861,85.4131,53.74,100,5.64
374,Nyurba,RU,2021-09-14 20:02:03,77,63.2842,118.3319,49.86,100,4.34
375,Tatawin,TN,2021-09-14 20:02:04,42,32.9297,10.4518,78.08,2,9.15
376,Mwinilunga,ZM,2021-09-14 20:02:04,41,-11.7358,24.4293,70.99,67,2.13
377,Baiyin,CN,2021-09-14 20:02:04,86,36.5583,104.2081,56.89,100,8.03
378,Sao Jose Da Coroa Grande,BR,2021-09-14 19:54:13,81,-8.8978,-35.1478,77.45,20,9.53
379,Kedrovyy,RU,2021-09-14 20:02:05,94,56.1667,91.8167,37.81,98,8.48
380,Aklavik,CA,2021-09-14 20:02:06,65,68.2191,-135.0107,49.68,57,7.23
381,Arinos,BR,2021-09-14 19:58:16,14,-15.9169,-46.1056,97.14,18,5.88
382,America Dourada,BR,2021-09-14 20:02:06,29,-11.4553,-41.4361,84.7,73,10.94
383,Cintalapa,MX,2021-09-14 20:02:07,61,16.6951,-93.7272,85.28,18,5.55
384,Viedma,AR,2021-09-14 20:00:31,24,-40.8135,-62.9967,61.74,2,12.06
385,Chapais,CA,2021-09-14 20:02:07,48,49.7834,-74.8492,55.76,100,12.03
386,Novikovo,RU,2021-09-14 20:02:07,45,51.1537,37.8879,60.49,100,10.76
387,Christchurch,NZ,2021-09-14 20:02:08,96,-43.5333,172.6333,38.91,40,3.44
388,Chumikan,RU,2021-09-14 20:02:08,86,54.7183,135.315,51.08,4,15.19
389,Camacha,PT,2021-09-14 20:02:09,69,33.0833,-16.3333,72.82,40,11.5
390,Mumford,GH,2021-09-14 20:02:09,92,5.2618,-0.759,74.84,69,9.46
391,Turan,VN,2021-09-14 20:02:09,94,16.0678,108.2208,76.98,75,2.3
392,Eyl,SO,2021-09-14 20:02:10,80,7.9803,49.8164,77.97,100,22.68
393,Lodja,CD,2021-09-14 20:02:10,70,-3.4833,23.4333,74.3,17,2.71
394,Maceio,BR,2021-09-14 20:00:17,78,-9.6658,-35.7353,81.84,40,11.5
395,Ballarat,AU,2021-09-14 20:02:11,98,-37.5662,143.8496,35.98,58,3.47
396,Bhag,PK,2021-09-14 20:02:11,34,29.0415,67.8239,96.78,33,2.19
397,Am Timan,TD,2021-09-14 20:02:12,89,11.0297,20.2827,73.72,100,4.23
398,Ponta Do Sol,PT,2021-09-14 20:02:12,76,32.6667,-17.1,74.71,27,9.62
399,Goulburn,AU,2021-09-14 20:00:14,93,-34.75,149.7167,30.65,6,2.33
400,Treinta Y Tres,UY,2021-09-14 20:02:13,67,-33.2333,-54.3833,57.49,0,16.91
401,Iguape,BR,2021-09-14 20:02:13,90,-24.7081,-47.5553,72.23,100,8.03
402,Voh,NC,2021-09-14 20:02:14,83,-20.9667,164.7,72.07,100,5.26
403,Silopi,TR,2021-09-14 20:02:14,28,37.2497,42.4694,78.69,0,3.47
404,Nome,US,2021-09-14 19:54:14,82,64.5011,-165.4064,50.16,99,2.62
405,Husavik,IS,2021-09-14 20:02:15,64,66.0449,-17.3389,49.1,49,13.2
406,Camargo,MX,2021-09-14 19:53:01,22,27.6667,-105.1667,88.72,0,3.36
407,Lodingen,NO,2021-09-14 20:02:15,88,68.414,15.9951,46.35,98,1.99
408,Hokitika,NZ,2021-09-14 20:02:16,62,-42.7167,170.9667,43.03,1,5.32
409,Qena,EG,2021-09-14 20:02:16,27,26.1615,32.7183,91.22,0,8.88
410,Zhicheng,CN,2021-09-14 20:02:17,78,30.2956,111.5047,71.31,0,3.22
411,Palmer,US,2021-09-14 19:53:45,63,42.1584,-72.3287,76.06,75,5.75
412,Port Augusta,AU,2021-09-14 20:02:17,55,-32.5,137.7667,50.05,15,5.66
413,Perth,AU,2021-09-14 20:02:16,94,-31.9333,115.8333,48.09,0,4.61
414,Rjukan,NO,2021-09-14 20:02:18,86,59.8789,8.5941,52.45,16,3.29
415,Joshimath,IN,2021-09-14 20:02:18,82,30.5667,79.5667,66.31,46,2.55
416,Ridgecrest,US,2021-09-14 20:00:24,12,35.6225,-117.6709,94.68,0,1.99
417,Westport,US,2021-09-14 20:02:19,66,41.1415,-73.3579,80.62,90,1.01
418,Hays,US,2021-09-14 20:02:19,58,30.0502,-98.0336,90.63,65,5.01
419,Douglas,US,2021-09-14 19:58:46,64,41.3,-96.167,79.52,1,3.0
420,Luangwa,ZM,2021-09-14 20:02:20,35,-15.6167,30.4167,75.42,7,1.19
421,West Wendover,US,2021-09-14 20:02:21,18,40.7391,-114.0733,79.09,0,4.61
422,Seymchan,RU,2021-09-14 20:02:21,68,62.8833,152.4333,41.27,28,2.55
423,Bereda,ES,2021-09-14 20:02:21,100,43.2686,-7.5406,64.15,93,3.22
424,Poum,NC,2021-09-14 19:53:42,84,-20.2333,164.0167,74.98,100,18.52
425,Wajima,JP,2021-09-14 19:54:03,78,37.4,136.9,69.26,100,10.85
426,Odweyne,SO,2021-09-14 20:02:22,57,9.4092,45.064,76.5,63,10.51
427,Kumluca,TR,2021-09-14 20:02:23,70,36.3703,30.2869,73.87,21,5.55
428,Baykit,RU,2021-09-14 20:02:23,96,61.67,96.37,36.37,99,2.15
429,Praia,CV,2021-09-14 20:02:24,78,14.9215,-23.5087,81.14,75,12.66
430,Dunedin,NZ,2021-09-14 20:01:35,72,-45.8742,170.5036,43.81,6,1.01
431,Whitianga,NZ,2021-09-14 20:02:24,94,-36.8333,175.7,56.01,100,15.32
432,Luanda,AO,2021-09-14 19:57:58,83,-8.8368,13.2343,75.2,0,5.75
433,Pevek,RU,2021-09-14 20:02:25,99,69.7008,170.3133,32.5,100,2.33
434,Trincomalee,LK,2021-09-14 20:02:25,74,8.5711,81.2335,82.35,100,17.31
435,Linshui,CN,2021-09-14 20:02:26,91,36.4247,114.2047,68.07,38,4.97
436,Deogarh,IN,2021-09-14 20:02:26,97,21.5333,84.7333,75.4,100,2.57
437,Chhabra,IN,2021-09-14 20:02:26,93,24.6667,76.8333,76.3,10,5.93
438,Waipawa,NZ,2021-09-14 19:53:27,70,-41.4122,175.5153,44.02,44,2.33
439,Esil,KZ,2021-09-14 20:02:27,37,51.9556,66.4042,58.82,97,9.91
440,Mount Gambier,AU,2021-09-14 20:02:27,70,-37.8333,140.7667,44.85,94,3.56
441,Svetlogorsk,BY,2021-09-14 20:02:28,53,52.6333,29.7333,48.96,100,6.04
442,Namatanai,PG,2021-09-14 19:53:13,85,-3.6667,152.4333,78.3,100,11.61
443,Kangaba,ML,2021-09-14 20:02:29,74,11.9333,-8.4167,79.47,90,4.03
444,Praya,CV,2021-09-14 20:02:29,78,14.9215,-23.5087,81.14,75,12.66
445,Itarema,BR,2021-09-14 20:02:29,68,-2.9248,-39.9167,81.93,5,15.93
446,Esperance,AU,2021-09-14 20:02:30,69,-33.8667,121.9,54.86,3,19.15
447,Hot Springs,US,2021-09-14 19:57:43,57,34.5037,-93.0552,88.68,43,1.01
448,Celestun,MX,2021-09-14 20:02:30,59,20.8667,-90.4,86.54,100,7.43
449,Tessalit,ML,2021-09-14 20:02:31,12,20.1986,1.0114,96.26,19,12.06
450,Prince Rupert,CA,2021-09-14 20:01:02,76,54.3161,-130.3201,51.89,90,6.91
451,Fort Dodge,US,2021-09-14 20:02:32,64,42.4975,-94.168,75.43,20,9.22
452,Yar-Sale,RU,2021-09-14 20:02:32,96,66.8333,70.8333,43.29,100,8.01
453,Port Hardy,CA,2021-09-14 20:01:00,100,50.6996,-127.4199,55.58,90,3.44
454,Spring Valley,US,2021-09-14 20:01:46,12,36.108,-115.245,101.1,1,4.61
455,Qorveh,IR,2021-09-14 20:02:33,17,35.1664,47.8045,66.54,0,3.13
456,Manicore,BR,2021-09-14 20:02:33,38,-5.8092,-61.3003,93.96,85,1.19
457,Kango,GA,2021-09-14 20:02:34,95,0.1943,10.0951,75.11,38,3.87
458,Karratha,AU,2021-09-14 20:02:34,66,-20.7377,116.8463,67.86,5,7.99
459,Porkhov,RU,2021-09-14 20:02:35,71,57.765,29.5561,49.89,100,7.81
460,Santa Isabel,BR,2021-09-14 20:02:35,26,-23.3156,-46.2214,87.69,100,4.25
461,Omboue,GA,2021-09-14 20:02:35,84,-1.5746,9.2618,76.6,100,8.12
462,Fortuna,US,2021-09-14 19:52:31,66,40.5982,-124.1573,71.92,1,1.01
463,Kharan,PK,2021-09-14 20:02:36,10,28.5833,65.4167,86.4,7,6.67
464,Mezen,RU,2021-09-14 20:02:36,81,65.8522,44.24,37.24,12,9.28
465,Meulaboh,ID,2021-09-14 20:02:37,81,4.1363,96.1285,76.6,100,3.69
466,Cherskiy,RU,2021-09-14 20:02:37,77,68.75,161.3,43.12,100,3.42
467,High Rock,BS,2021-09-14 20:02:38,68,26.6208,-78.2833,75.22,34,9.31
468,Kaduqli,SD,2021-09-14 20:02:38,89,11.0167,29.7167,71.24,20,3.69
469,Willmar,US,2021-09-14 20:02:19,46,45.1219,-95.0433,73.08,40,9.22
470,Abnub,EG,2021-09-14 20:02:39,25,27.2696,31.1511,89.35,0,13.65
471,Terra Santa,BR,2021-09-14 20:02:39,25,-2.1042,-56.4869,98.94,17,8.79
472,Kutum,SD,2021-09-14 20:02:40,28,14.2,24.6667,82.29,37,7.87
473,Yuancheng,CN,2021-09-14 20:02:40,85,36.652,107.7896,62.06,100,3.74
474,Guozhen,CN,2021-09-14 20:02:40,82,34.3659,107.359,68.25,7,3.09
475,Dogondoutchi,NE,2021-09-14 20:02:41,51,13.6393,4.0287,86.07,87,7.36
476,Tiarei,PF,2021-09-14 20:02:41,73,-17.5333,-149.3333,80.62,77,21.94
477,Maple Grove,US,2021-09-14 20:00:36,63,45.0725,-93.4558,72.05,100,1.99
478,Skibotn,NO,2021-09-14 20:02:42,98,69.3913,20.2679,44.69,100,2.39
479,Lodwar,KE,2021-09-14 20:02:42,30,3.1191,35.5973,89.11,95,6.78
480,Puerto Carreno,CO,2021-09-14 19:57:45,48,6.189,-67.4859,91.94,62,4.23
481,Coihaique,CL,2021-09-14 19:53:28,76,-45.5752,-72.0662,50.61,90,8.05
482,Tres Arroyos,AR,2021-09-14 20:02:43,45,-38.3739,-60.2798,55.4,40,10.54
483,Virtsu,EE,2021-09-14 20:02:43,77,58.5716,23.5115,51.1,65,16.44
484,Santa Cruz Del Sur,CU,2021-09-14 20:02:44,63,20.7147,-77.9956,85.35,87,9.08
485,Yenagoa,NG,2021-09-14 20:02:44,87,4.9247,6.2642,75.7,94,3.89
486,Abbeville,FR,2021-09-14 20:02:44,96,50.1,1.8333,69.28,100,4.72
487,Gamba,GA,2021-09-14 20:02:45,87,-2.65,10.0,76.14,95,7.4
488,Kenora,CA,2021-09-14 20:00:35,37,49.8167,-94.4337,64.38,25,13.35
489,Acarau,BR,2021-09-14 20:02:46,65,-2.8856,-40.12,82.72,6,18.07
490,Timoteo,BR,2021-09-14 20:02:46,28,-19.5825,-42.6444,90.63,100,6.71
491,Sorong,ID,2021-09-14 20:02:46,85,-0.8833,131.25,78.22,100,4.36
492,Grand Gaube,MU,2021-09-14 20:02:47,76,-20.0064,57.6608,68.38,76,5.01
493,Nakhon Thai,TH,2021-09-14 20:02:47,98,17.1006,100.8374,74.41,100,2.04
494,Paamiut,GL,2021-09-14 20:02:47,70,61.994,-49.6678,38.25,28,18.84
495,Launceston,AU,2021-09-14 20:02:48,89,-41.45,147.1667,46.15,90,4.61
496,Hamilton,US,2021-09-14 19:53:35,56,39.1834,-84.5333,90.21,9,3.0
497,Darhan,MN,2021-09-14 20:02:48,85,49.4867,105.9228,50.38,100,0.2
498,Miyako,JP,2021-09-14 20:02:49,85,39.6367,141.9525,59.36,11,6.42
499,Piacabucu,BR,2021-09-14 20:02:49,84,-10.4056,-36.4344,76.53,76,8.41
500,Olga,RU,2021-09-14 20:02:50,94,43.7444,135.2892,49.24,5,4.59
501,Presidencia Roque Saenz Pena,AR,2021-09-14 20:02:50,19,-26.7852,-60.4388,76.68,7,13.67
502,Manavalakurichi,IN,2021-09-14 20:02:50,84,8.1333,77.3,80.69,100,12.37
503,Kota Kinabalu,MY,2021-09-14 20:02:51,94,5.9749,116.0724,76.98,20,3.44
504,Itacarambi,BR,2021-09-14 20:02:51,14,-15.1022,-44.0919,95.27,48,4.85
505,Elat,IL,2021-09-14 20:02:52,44,29.5581,34.9482,85.35,0,10.22
506,Pueblo,US,2021-09-14 19:59:34,36,38.2545,-104.6091,84.96,11,10.16
507,Wanning,CN,2021-09-14 20:02:52,90,18.8003,110.3967,80.53,100,8.12
508,Yaya,RU,2021-09-14 20:02:53,96,56.206,86.44,37.22,65,7.56
509,Yuzhno-Kurilsk,RU,2021-09-14 20:02:53,76,44.0306,145.8556,50.7,1,4.21
510,Colares,PT,2021-09-14 20:02:54,80,38.7992,-9.4469,70.79,20,4.61
511,Nuuk,GL,2021-09-14 20:02:54,45,64.1835,-51.7216,39.81,20,13.8
512,Constitucion,CL,2021-09-14 19:53:09,52,-35.3333,-72.4167,56.77,0,18.72
513,Wukari,NG,2021-09-14 20:02:55,92,7.85,9.7833,74.91,91,3.87
514,Ust-Tsilma,RU,2021-09-14 20:02:55,94,65.441,52.1498,35.73,24,7.09
515,Mitu,CO,2021-09-14 20:02:56,63,1.1983,-70.1733,85.78,93,2.53
516,Cobija,BO,2021-09-14 20:02:56,27,-11.0267,-68.7692,98.17,97,5.23
517,Calabozo,VE,2021-09-14 20:02:56,58,8.9242,-67.4293,86.97,82,5.1
518,Bairiki,KI,2021-09-14 20:02:58,78,1.3292,172.9752,82.4,75,11.5
519,Slough,GB,2021-09-14 20:02:59,91,51.5095,-0.5954,64.9,90,1.01
520,Sume,BR,2021-09-14 20:02:59,48,-7.6717,-36.88,83.21,97,17.85
521,Lethem,GY,2021-09-14 20:03:00,62,3.3803,-59.7968,84.97,80,4.63
522,Nizwa,OM,2021-09-14 20:03:00,33,22.9333,57.5333,88.12,100,4.03
523,Thanh Hoa,VN,2021-09-14 19:59:26,94,19.8,105.7667,76.82,100,3.38
524,Santarem,BR,2021-09-14 20:02:31,27,-2.4431,-54.7083,97.57,2,6.55
525,Lanxi,CN,2021-09-14 20:03:01,91,29.2195,119.477,71.01,99,3.09
526,Port Blair,IN,2021-09-14 19:54:07,86,11.6667,92.75,80.56,100,10.33
527,College,US,2021-09-14 19:51:42,69,64.8569,-147.8028,50.22,20,0.0
528,Roald,NO,2021-09-14 20:03:02,93,62.5833,6.1333,55.45,75,5.75
529,General Pico,AR,2021-09-14 20:03:02,32,-35.6566,-63.7568,61.32,5,10.31
530,Yulara,AU,2021-09-14 20:01:17,38,-25.2406,130.9889,58.39,0,8.21
531,Laguna,US,2021-09-14 20:03:03,32,38.421,-121.4238,97.65,1,1.99
532,Hof,DE,2021-09-14 20:03:04,72,50.3167,11.9167,65.62,78,5.01
533,Simdega,IN,2021-09-14 20:03:04,95,22.6167,84.5167,73.24,100,4.83
534,Bratsk,RU,2021-09-14 20:03:04,88,56.1325,101.6142,37.89,100,7.65
535,Garissa,KE,2021-09-14 20:03:05,63,-0.4536,39.6401,77.11,51,20.83
536,Leninskoye,KZ,2021-09-14 20:03:05,19,41.7589,69.3864,62.53,0,3.53
537,Kyren,RU,2021-09-14 20:03:06,87,51.6828,102.1408,41.05,8,1.9
538,Balikpapan,ID,2021-09-14 20:03:06,90,-1.2675,116.8289,75.18,100,5.5
539,Djibo,BF,2021-09-14 19:53:54,37,14.1022,-1.6306,93.04,98,5.66
540,Kidal,ML,2021-09-14 20:03:07,17,18.4411,1.4078,96.33,6,8.43
541,Sao Borja,BR,2021-09-14 20:02:44,76,-28.6606,-56.0044,61.52,100,14.92
542,Half Moon Bay,US,2021-09-14 20:03:08,67,37.4636,-122.4286,95.58,1,6.91
543,Nha Trang,VN,2021-09-14 19:58:54,91,12.25,109.1833,80.6,100,4.23
544,Ewa Beach,US,2021-09-14 20:03:08,54,21.3156,-158.0072,87.75,75,9.22
545,Avera,US,2021-09-14 20:03:09,29,33.194,-82.5271,89.26,25,4.99
546,Victoria,HK,2021-09-14 19:59:23,87,22.2855,114.1577,84.33,100,7.02
547,Leningradskiy,RU,2021-09-14 20:03:09,96,69.3833,178.4167,32.54,100,13.78
548,Tsagan Aman,RU,2021-09-14 20:03:10,33,47.5639,46.7218,68.88,26,5.84
549,Oktyabrskiy,RU,2021-09-14 20:03:10,72,54.4815,53.471,60.4,96,10.96
550,Kamenka,RU,2021-09-14 20:03:10,63,51.3223,42.7678,63.18,99,7.9
551,Kangaatsiaq,GL,2021-09-14 20:03:11,78,68.3065,-53.4641,34.75,58,7.94
552,Jennings,US,2021-09-14 20:03:11,57,38.7192,-90.2604,92.95,40,1.99
553,Bajil,YE,2021-09-14 20:03:12,51,15.0584,43.2851,90.41,9,5.97
554,Ozernovskiy,RU,2021-09-14 19:54:08,80,51.5,156.5167,48.78,26,2.08
555,Sobolevo,RU,2021-09-14 20:03:13,72,54.4299,31.8996,47.59,100,11.23
556,Bemidji,US,2021-09-14 20:03:13,44,47.4736,-94.8803,72.18,75,19.57
557,Ipojuca,BR,2021-09-14 20:03:13,80,-8.3989,-35.0639,78.71,17,8.63
558,Bulungu,CD,2021-09-14 20:03:14,49,-4.55,18.6,81.64,30,2.51
559,Akdepe,TM,2021-09-14 20:03:14,16,42.0551,59.3788,64.49,0,9.13
560,Lar,IN,2021-09-14 20:03:15,92,26.2039,83.9717,76.41,100,18.03
561,Sabha,LY,2021-09-14 20:03:15,24,27.0377,14.4283,80.96,0,9.93
562,Saint Anthony,US,2021-09-14 20:00:34,61,45.0205,-93.218,72.1,75,8.01
563,Zamosc,PL,2021-09-14 20:03:16,79,50.7231,23.252,53.44,100,5.03
564,Talcahuano,CL,2021-09-14 20:03:16,62,-36.7167,-73.1167,55.08,0,17.27
565,Sao Joao Da Ponte,BR,2021-09-14 20:03:16,17,-15.9292,-44.0078,91.35,49,2.13
566,Svetlaya,RU,2021-09-14 19:53:21,79,46.5389,138.3297,51.1,0,4.97
567,Tromso,NO,2021-09-14 19:58:29,76,69.6496,18.957,44.62,75,4.61
568,Bonthe,SL,2021-09-14 20:03:17,86,7.5264,-12.505,78.49,100,7.14
569,Gornopravdinsk,RU,2021-09-14 20:03:17,88,60.05,69.9,38.28,98,2.95
570,Aswan,EG,2021-09-14 20:03:18,21,24.0934,32.907,92.68,5,13.29
571,Angul,IN,2021-09-14 20:03:18,94,20.85,85.1,77.63,100,3.06
572,Yakima,US,2021-09-14 19:59:22,38,46.4665,-120.6678,75.85,9,5.93
573,Bafoulabe,ML,2021-09-14 20:03:19,75,13.8065,-10.8321,82.89,35,5.23
574,Liverpool,GB,2021-09-14 19:59:32,83,53.4106,-2.9779,60.76,20,9.22
575,Port-Cartier,CA,2021-09-14 20:03:19,52,50.0334,-66.8654,53.92,21,9.1
576,Andenes,NO,2021-09-14 19:53:46,71,69.3143,16.1194,46.38,75,8.05
